filename,color,label
GREEN_1.jpg,green,1
GREEN_2.jpg,green,1
GREEN_3.jpg,green,1
GREEN_4.jpg,green,1
GREEN_5.jpg,green,1
GREEN_6.jpg,green,1
GREEN_7.jpg,green,1
GREEN_8.jpg,green,1
GREEN_9.jpg,green,1
GREEN_10.jpg,green,1
GREEN_11.jpg,green,1
GREEN_12.jpg,green,1
GREEN_13.jpg,green,1
GREEN_14.jpg,green,1
GREEN_15.jpg,green,1
GREEN_16.jpg,green,1
GREEN_17.jpg,green,1
GREEN_18.jpg,green,1
GREEN_19.jpg,green,1
GREEN_20.jpg,green,1
GREEN_21.jpg,green,1
GREEN_22.jpg,green,1
GREEN_23.jpg,green,1
GREEN_24.jpg,green,1
GREEN_25.jpg,green,1
GREEN_26.jpg,green,1
GREEN_27.jpg,green,1
GREEN_28.jpg,green,1
GREEN_29.jpg,green,1
GREEN_30.jpg,green,1
GREEN_31.jpg,green,1
GREEN_32.jpg,green,1
GREEN_33.jpg,green,1
GREEN_34.jpg,green,1
GREEN_35.jpg,green,1
GREEN_36.jpg,green,1
GREEN_37.jpg,green,1
GREEN_38.jpg,green,1
GREEN_39.jpg,green,1
GREEN_40.jpg,green,1
GREEN_41.jpg,green,1
GREEN_42.jpg,green,1
GREEN_43.jpg,green,1
GREEN_44.jpg,green,1
GREEN_45.jpg,green,1
GREEN_46.jpg,green,1
GREEN_47.jpg,green,1
GREEN_48.jpg,green,1
GREEN_49.jpg,green,1
GREEN_50.jpg,green,1
GREEN_51.jpg,green,1
GREEN_52.jpg,green,1
GREEN_53.jpg,green,1
GREEN_54.jpg,green,1
GREEN_55.jpg,green,1
GREEN_56.jpg,green,1
GREEN_57.jpg,green,1
GREEN_58.jpg,green,1
GREEN_59.jpg,green,1
GREEN_60.jpg,green,1
GREEN_61.jpg,green,1
GREEN_62.jpg,green,1
GREEN_63.jpg,green,1
GREEN_64.jpg,green,1
GREEN_65.jpg,green,1
GREEN_66.jpg,green,1
GREEN_67.jpg,green,1
GREEN_68.jpg,green,1
GREEN_69.jpg,green,1
GREEN_70.jpg,green,1
GREEN_71.jpg,green,1
GREEN_72.jpg,green,1
GREEN_73.jpg,green,1
GREEN_74.jpg,green,1
GREEN_75.jpg,green,1
GREEN_76.jpg,green,1
GREEN_77.jpg,green,1
GREEN_78.jpg,green,1
GREEN_79.jpg,green,1
GREEN_80.jpg,green,1
GREEN_81.jpg,green,1
GREEN_82.jpg,green,1
GREEN_83.jpg,green,1
GREEN_84.jpg,green,1
GREEN_85.jpg,green,1
GREEN_86.jpg,green,1
GREEN_87.jpg,green,1
GREEN_88.jpg,green,1
GREEN_89.jpg,green,1
GREEN_90.jpg,green,1
GREEN_91.jpg,green,1
GREEN_92.jpg,green,1
GREEN_93.jpg,green,1
GREEN_94.jpg,green,1
GREEN_95.jpg,green,1
GREEN_96.jpg,green,1
GREEN_97.jpg,green,1
GREEN_98.jpg,green,1
GREEN_99.jpg,green,1
GREEN_100.jpg,green,1
GREEN_101.jpg,green,1
GREEN_102.jpg,green,1
GREEN_103.jpg,green,1
GREEN_104.jpg,green,1
GREEN_105.jpg,green,1
GREEN_106.jpg,green,1
GREEN_107.jpg,green,1
GREEN_108.jpg,green,1
GREEN_109.jpg,green,1
GREEN_110.jpg,green,1
GREEN_111.jpg,green,1
GREEN_112.jpg,green,1
GREEN_113.jpg,green,1
GREEN_114.jpg,green,1
GREEN_115.jpg,green,1
GREEN_116.jpg,green,1
GREEN_117.jpg,green,1
GREEN_118.jpg,green,1
GREEN_119.jpg,green,1
GREEN_120.jpg,green,1
GREEN_121.jpg,green,1
GREEN_122.jpg,green,1
GREEN_123.jpg,green,1
GREEN_124.jpg,green,1
GREEN_125.jpg,green,1
GREEN_126.jpg,green,1
GREEN_127.jpg,green,1
GREEN_128.jpg,green,1
GREEN_129.jpg,green,1
GREEN_130.jpg,green,1
GREEN_131.jpg,green,1
GREEN_132.jpg,green,1
GREEN_133.jpg,green,1
GREEN_134.jpg,green,1
GREEN_135.jpg,green,1
GREEN_136.jpg,green,1
GREEN_137.jpg,green,1
GREEN_138.jpg,green,1
GREEN_139.jpg,green,1
GREEN_140.jpg,green,1
GREEN_141.jpg,green,1
GREEN_142.jpg,green,1
GREEN_143.jpg,green,1
GREEN_144.jpg,green,1
GREEN_145.jpg,green,1
GREEN_146.jpg,green,1
GREEN_147.jpg,green,1
GREEN_148.jpg,green,1
GREEN_149.jpg,green,1
GREEN_150.jpg,green,1
GREEN_151.jpg,green,1
GREEN_152.jpg,green,1
GREEN_153.jpg,green,1
GREEN_154.jpg,green,1
GREEN_155.jpg,green,1
GREEN_156.jpg,green,1
GREEN_157.jpg,green,1
GREEN_158.jpg,green,1
GREEN_159.jpg,green,1
GREEN_160.jpg,green,1
GREEN_161.jpg,green,1
GREEN_162.jpg,green,1
GREEN_163.jpg,green,1
GREEN_164.jpg,green,1
GREEN_165.jpg,green,1
GREEN_166.jpg,green,1
GREEN_167.jpg,green,1
GREEN_168.jpg,green,1
GREEN_169.jpg,green,1
GREEN_170.jpg,green,1
GREEN_171.jpg,green,1
GREEN_172.jpg,green,1
GREEN_173.jpg,green,1
GREEN_174.jpg,green,1
GREEN_175.jpg,green,1
GREEN_176.jpg,green,1
GREEN_177.jpg,green,1
GREEN_178.jpg,green,1
GREEN_179.jpg,green,1
GREEN_180.jpg,green,1
GREEN_181.jpg,green,1
GREEN_182.jpg,green,1
GREEN_183.jpg,green,1
GREEN_184.jpg,green,1
GREEN_185.jpg,green,1
GREEN_186.jpg,green,1
GREEN_187.jpg,green,1
GREEN_188.jpg,green,1
GREEN_189.jpg,green,1
GREEN_190.jpg,green,1
GREEN_191.jpg,green,1
GREEN_192.jpg,green,1
GREEN_193.jpg,green,1
GREEN_194.jpg,green,1
GREEN_195.jpg,green,1
GREEN_196.jpg,green,1
GREEN_197.jpg,green,1
GREEN_198.jpg,green,1
GREEN_199.jpg,green,1
GREEN_200.jpg,green,1
GREEN_201.jpg,green,1
GREEN_202.jpg,green,1
GREEN_203.jpg,green,1
GREEN_204.jpg,green,1
GREEN_205.jpg,green,1
GREEN_206.jpg,green,1
GREEN_207.jpg,green,1
GREEN_208.jpg,green,1
GREEN_209.jpg,green,1
GREEN_210.jpg,green,1
GREEN_211.jpg,green,1
GREEN_212.jpg,green,1
GREEN_213.jpg,green,1
GREEN_214.jpg,green,1
GREEN_215.jpg,green,1
GREEN_216.jpg,green,1
GREEN_217.jpg,green,1
GREEN_218.jpg,green,1
GREEN_219.jpg,green,1
GREEN_220.jpg,green,1
GREEN_221.jpg,green,1
GREEN_222.jpg,green,1
GREEN_223.jpg,green,1
GREEN_224.jpg,green,1
GREEN_225.jpg,green,1
GREEN_226.jpg,green,1
GREEN_227.jpg,green,1
GREEN_228.jpg,green,1
GREEN_229.jpg,green,1
GREEN_230.jpg,green,1
GREEN_231.jpg,green,1
GREEN_232.jpg,green,1
GREEN_233.jpg,green,1
GREEN_234.jpg,green,1
GREEN_235.jpg,green,1
GREEN_236.jpg,green,1
GREEN_237.jpg,green,1
GREEN_238.jpg,green,1
GREEN_239.jpg,green,1
GREEN_240.jpg,green,1
GREEN_241.jpg,green,1
GREEN_242.jpg,green,1
GREEN_243.jpg,green,1
GREEN_244.jpg,green,1
GREEN_245.jpg,green,1
GREEN_246.jpg,green,1
GREEN_247.jpg,green,1
GREEN_248.jpg,green,1
GREEN_249.jpg,green,1
GREEN_250.jpg,green,1
GREEN_251.jpg,green,1
GREEN_252.jpg,green,1
GREEN_253.jpg,green,1
GREEN_254.jpg,green,1
GREEN_255.jpg,green,1
GREEN_256.jpg,green,1
GREEN_257.jpg,green,1
GREEN_258.jpg,green,1
GREEN_259.jpg,green,1
GREEN_260.jpg,green,1
GREEN_261.jpg,green,1
GREEN_262.jpg,green,1
GREEN_263.jpg,green,1
GREEN_264.jpg,green,1
GREEN_265.jpg,green,1
GREEN_266.jpg,green,1
GREEN_267.jpg,green,1
GREEN_268.jpg,green,1
GREEN_269.jpg,green,1
GREEN_270.jpg,green,1
GREEN_271.jpg,green,1
GREEN_272.jpg,green,1
GREEN_273.jpg,green,1
GREEN_274.jpg,green,1
GREEN_275.jpg,green,1
GREEN_276.jpg,green,1
GREEN_277.jpg,green,1
GREEN_278.jpg,green,1
GREEN_279.jpg,green,1
GREEN_280.jpg,green,1
GREEN_281.jpg,green,1
GREEN_282.jpg,green,1
GREEN_283.jpg,green,1
GREEN_284.jpg,green,1
GREEN_285.jpg,green,1
GREEN_286.jpg,green,1
GREEN_287.jpg,green,1
GREEN_288.jpg,green,1
GREEN_289.jpg,green,1
GREEN_290.jpg,green,1
GREEN_291.jpg,green,1
GREEN_292.jpg,green,1
GREEN_293.jpg,green,1
GREEN_294.jpg,green,1
GREEN_295.jpg,green,1
GREEN_296.jpg,green,1
GREEN_297.jpg,green,1
GREEN_298.jpg,green,1
GREEN_299.jpg,green,1
GREEN_300.jpg,green,1
GREEN_301.jpg,green,1
GREEN_302.jpg,green,1
GREEN_303.jpg,green,1
GREEN_304.jpg,green,1
GREEN_305.jpg,green,1
GREEN_306.jpg,green,1
GREEN_307.jpg,green,1
GREEN_308.jpg,green,1
GREEN_309.jpg,green,1
GREEN_310.jpg,green,1
GREEN_311.jpg,green,1
GREEN_312.jpg,green,1
GREEN_313.jpg,green,1
GREEN_314.jpg,green,1
GREEN_315.jpg,green,1
GREEN_316.jpg,green,1
GREEN_317.jpg,green,1
GREEN_318.jpg,green,1
GREEN_319.jpg,green,1
GREEN_320.jpg,green,1
GREEN_321.jpg,green,1
GREEN_322.jpg,green,1
GREEN_323.jpg,green,1
GREEN_324.jpg,green,1
GREEN_325.jpg,green,1
GREEN_326.jpg,green,1
GREEN_327.jpg,green,1
GREEN_328.jpg,green,1
GREEN_329.jpg,green,1
GREEN_330.jpg,green,1
GREEN_331.jpg,green,1
GREEN_332.jpg,green,1
GREEN_333.jpg,green,1
GREEN_334.jpg,green,1
GREEN_335.jpg,green,1
GREEN_336.jpg,green,1
GREEN_337.jpg,green,1
GREEN_338.jpg,green,1
GREEN_339.jpg,green,1
GREEN_340.jpg,green,1
GREEN_341.jpg,green,1
GREEN_342.jpg,green,1
GREEN_343.jpg,green,1
GREEN_344.jpg,green,1
GREEN_345.jpg,green,1
GREEN_346.jpg,green,1
GREEN_347.jpg,green,1
GREEN_348.jpg,green,1
GREEN_349.jpg,green,1
GREEN_350.jpg,green,1
GREEN_351.jpg,green,1
GREEN_352.jpg,green,1
GREEN_353.jpg,green,1
GREEN_354.jpg,green,1
GREEN_355.jpg,green,1
GREEN_356.jpg,green,1
GREEN_357.jpg,green,1
GREEN_358.jpg,green,1
GREEN_359.jpg,green,1
GREEN_360.jpg,green,1
GREEN_361.jpg,green,1
GREEN_362.jpg,green,1
GREEN_363.jpg,green,1
GREEN_364.jpg,green,1
GREEN_365.jpg,green,1
GREEN_366.jpg,green,1
GREEN_367.jpg,green,1
GREEN_368.jpg,green,1
GREEN_369.jpg,green,1
GREEN_370.jpg,green,1
GREEN_371.jpg,green,1
GREEN_372.jpg,green,1
GREEN_373.jpg,green,1
GREEN_374.jpg,green,1
GREEN_375.jpg,green,1
GREEN_376.jpg,green,1
GREEN_377.jpg,green,1
GREEN_378.jpg,green,1
GREEN_379.jpg,green,1
GREEN_380.jpg,green,1
GREEN_381.jpg,green,1
GREEN_382.jpg,green,1
GREEN_383.jpg,green,1
GREEN_384.jpg,green,1
GREEN_385.jpg,green,1
GREEN_386.jpg,green,1
GREEN_387.jpg,green,1
GREEN_388.jpg,green,1
GREEN_389.jpg,green,1
GREEN_390.jpg,green,1
GREEN_391.jpg,green,1
GREEN_392.jpg,green,1
GREEN_393.jpg,green,1
GREEN_394.jpg,green,1
GREEN_395.jpg,green,1
GREEN_396.jpg,green,1
GREEN_397.jpg,green,1
GREEN_398.jpg,green,1
GREEN_399.jpg,green,1
GREEN_400.jpg,green,1
GREEN_401.jpg,green,1
GREEN_402.jpg,green,1
GREEN_403.jpg,green,1
GREEN_404.jpg,green,1
GREEN_405.jpg,green,1
GREEN_406.jpg,green,1
GREEN_407.jpg,green,1
GREEN_408.jpg,green,1
GREEN_409.jpg,green,1
GREEN_410.jpg,green,1
GREEN_411.jpg,green,1
GREEN_412.jpg,green,1
GREEN_413.jpg,green,1
GREEN_414.jpg,green,1
GREEN_415.jpg,green,1
GREEN_416.jpg,green,1
GREEN_417.jpg,green,1
GREEN_418.jpg,green,1
GREEN_419.jpg,green,1
GREEN_420.jpg,green,1
GREEN_421.jpg,green,1
GREEN_422.jpg,green,1
GREEN_423.jpg,green,1
GREEN_424.jpg,green,1
GREEN_425.jpg,green,1
GREEN_426.jpg,green,1
GREEN_427.jpg,green,1
GREEN_428.jpg,green,1
GREEN_429.jpg,green,1
GREEN_430.jpg,green,1
GREEN_431.jpg,green,1
GREEN_432.jpg,green,1
GREEN_433.jpg,green,1
GREEN_434.jpg,green,1
GREEN_435.jpg,green,1
GREEN_436.jpg,green,1
GREEN_437.jpg,green,1
GREEN_438.jpg,green,1
GREEN_439.jpg,green,1
GREEN_440.jpg,green,1
GREEN_441.jpg,green,1
GREEN_442.jpg,green,1
GREEN_443.jpg,green,1
GREEN_444.jpg,green,1
GREEN_445.jpg,green,1
GREEN_446.jpg,green,1
GREEN_447.jpg,green,1
GREEN_448.jpg,green,1
GREEN_449.jpg,green,1
GREEN_450.jpg,green,1
GREEN_451.jpg,green,1
GREEN_452.jpg,green,1
GREEN_453.jpg,green,1
GREEN_454.jpg,green,1
GREEN_455.jpg,green,1
GREEN_456.jpg,green,1
GREEN_457.jpg,green,1
GREEN_458.jpg,green,1
GREEN_459.jpg,green,1
GREEN_460.jpg,green,1
GREEN_461.jpg,green,1
GREEN_462.jpg,green,1
GREEN_463.jpg,green,1
GREEN_464.jpg,green,1
GREEN_465.jpg,green,1
GREEN_466.jpg,green,1
GREEN_467.jpg,green,1
GREEN_468.jpg,green,1
GREEN_469.jpg,green,1
GREEN_470.jpg,green,1
GREEN_471.jpg,green,1
GREEN_472.jpg,green,1
GREEN_473.jpg,green,1
GREEN_474.jpg,green,1
GREEN_475.jpg,green,1
GREEN_476.jpg,green,1
GREEN_477.jpg,green,1
GREEN_478.jpg,green,1
GREEN_479.jpg,green,1
GREEN_480.jpg,green,1
GREEN_481.jpg,green,1
GREEN_482.jpg,green,1
GREEN_483.jpg,green,1
GREEN_484.jpg,green,1
GREEN_485.jpg,green,1
GREEN_486.jpg,green,1
GREEN_487.jpg,green,1
GREEN_488.jpg,green,1
GREEN_489.jpg,green,1
GREEN_490.jpg,green,1
GREEN_491.jpg,green,1
GREEN_492.jpg,green,1
GREEN_493.jpg,green,1
GREEN_494.jpg,green,1
GREEN_495.jpg,green,1
GREEN_496.jpg,green,1
GREEN_497.jpg,green,1
GREEN_498.jpg,green,1
GREEN_499.jpg,green,1
GREEN_500.jpg,green,1
GREEN_501.jpg,green,1
GREEN_502.jpg,green,1
GREEN_503.jpg,green,1
GREEN_504.jpg,green,1
GREEN_505.jpg,green,1
GREEN_506.jpg,green,1
GREEN_507.jpg,green,1
GREEN_508.jpg,green,1
GREEN_509.jpg,green,1
GREEN_510.jpg,green,1
GREEN_511.jpg,green,1
GREEN_512.jpg,green,1
GREEN_513.jpg,green,1
GREEN_514.jpg,green,1
GREEN_515.jpg,green,1
GREEN_516.jpg,green,1
GREEN_517.jpg,green,1
GREEN_518.jpg,green,1
GREEN_519.jpg,green,1
GREEN_520.jpg,green,1
GREEN_521.jpg,green,1
GREEN_522.jpg,green,1
GREEN_523.jpg,green,1
GREEN_524.jpg,green,1
GREEN_525.jpg,green,1
GREEN_526.jpg,green,1
GREEN_527.jpg,green,1
GREEN_528.jpg,green,1
GREEN_529.jpg,green,1
GREEN_530.jpg,green,1
GREEN_531.jpg,green,1
GREEN_532.jpg,green,1
GREEN_533.jpg,green,1
GREEN_534.jpg,green,1
GREEN_535.jpg,green,1
GREEN_536.jpg,green,1
GREEN_537.jpg,green,1
GREEN_538.jpg,green,1
GREEN_539.jpg,green,1
GREEN_540.jpg,green,1
GREEN_541.jpg,green,1
GREEN_542.jpg,green,1
GREEN_543.jpg,green,1
GREEN_544.jpg,green,1
GREEN_545.jpg,green,1
GREEN_546.jpg,green,1
GREEN_547.jpg,green,1
GREEN_548.jpg,green,1
GREEN_549.jpg,green,1
GREEN_550.jpg,green,1
GREEN_551.jpg,green,1
GREEN_552.jpg,green,1
GREEN_553.jpg,green,1
GREEN_554.jpg,green,1
GREEN_555.jpg,green,1
GREEN_556.jpg,green,1
GREEN_557.jpg,green,1
GREEN_558.jpg,green,1
GREEN_559.jpg,green,1
GREEN_560.jpg,green,1
GREEN_561.jpg,green,1
GREEN_562.jpg,green,1
GREEN_563.jpg,green,1
GREEN_564.jpg,green,1
GREEN_565.jpg,green,1
GREEN_566.jpg,green,1
GREEN_567.jpg,green,1
GREEN_568.jpg,green,1
GREEN_569.jpg,green,1
GREEN_570.jpg,green,1
GREEN_571.jpg,green,1
GREEN_572.jpg,green,1
GREEN_573.jpg,green,1
GREEN_574.jpg,green,1
GREEN_575.jpg,green,1
GREEN_576.jpg,green,1
GREEN_577.jpg,green,1
GREEN_578.jpg,green,1
GREEN_579.jpg,green,1
GREEN_580.jpg,green,1
GREEN_581.jpg,green,1
GREEN_582.jpg,green,1
GREEN_583.jpg,green,1
GREEN_584.jpg,green,1
GREEN_585.jpg,green,1
GREEN_586.jpg,green,1
GREEN_587.jpg,green,1
GREEN_588.jpg,green,1
GREEN_589.jpg,green,1
GREEN_590.jpg,green,1
GREEN_591.jpg,green,1
GREEN_592.jpg,green,1
GREEN_593.jpg,green,1
GREEN_594.jpg,green,1
GREEN_595.jpg,green,1
GREEN_596.jpg,green,1
GREEN_597.jpg,green,1
GREEN_598.jpg,green,1
GREEN_599.jpg,green,1
GREEN_600.jpg,green,1
GREEN_601.jpg,green,1
GREEN_602.jpg,green,1
GREEN_603.jpg,green,1
GREEN_604.jpg,green,1
GREEN_605.jpg,green,1
GREEN_606.jpg,green,1
GREEN_607.jpg,green,1
GREEN_608.jpg,green,1
GREEN_609.jpg,green,1
GREEN_610.jpg,green,1
GREEN_611.jpg,green,1
GREEN_612.jpg,green,1
GREEN_613.jpg,green,1
GREEN_614.jpg,green,1
GREEN_615.jpg,green,1
GREEN_616.jpg,green,1
GREEN_617.jpg,green,1
GREEN_618.jpg,green,1
GREEN_619.jpg,green,1
GREEN_620.jpg,green,1
GREEN_621.jpg,green,1
GREEN_622.jpg,green,1
GREEN_623.jpg,green,1
GREEN_624.jpg,green,1
GREEN_625.jpg,green,1
GREEN_626.jpg,green,1
GREEN_627.jpg,green,1
GREEN_628.jpg,green,1
GREEN_629.jpg,green,1
GREEN_630.jpg,green,1
GREEN_631.jpg,green,1
GREEN_632.jpg,green,1
GREEN_633.jpg,green,1
GREEN_634.jpg,green,1
GREEN_635.jpg,green,1
GREEN_636.jpg,green,1
GREEN_637.jpg,green,1
GREEN_638.jpg,green,1
GREEN_639.jpg,green,1
GREEN_640.jpg,green,1
GREEN_641.jpg,green,1
GREEN_642.jpg,green,1
GREEN_643.jpg,green,1
GREEN_644.jpg,green,1
GREEN_645.jpg,green,1
GREEN_646.jpg,green,1
GREEN_647.jpg,green,1
GREEN_648.jpg,green,1
GREEN_649.jpg,green,1
GREEN_650.jpg,green,1
GREEN_651.jpg,green,1
GREEN_652.jpg,green,1
GREEN_653.jpg,green,1
GREEN_654.jpg,green,1
GREEN_655.jpg,green,1
GREEN_656.jpg,green,1
GREEN_657.jpg,green,1
GREEN_658.jpg,green,1
GREEN_659.jpg,green,1
GREEN_660.jpg,green,1
GREEN_661.jpg,green,1
GREEN_662.jpg,green,1
GREEN_663.jpg,green,1
GREEN_664.jpg,green,1
GREEN_665.jpg,green,1
GREEN_666.jpg,green,1
GREEN_667.jpg,green,1
GREEN_668.jpg,green,1
GREEN_669.jpg,green,1
GREEN_670.jpg,green,1
GREEN_671.jpg,green,1
GREEN_672.jpg,green,1
GREEN_673.jpg,green,1
GREEN_674.jpg,green,1
GREEN_675.jpg,green,1
GREEN_676.jpg,green,1
GREEN_677.jpg,green,1
GREEN_678.jpg,green,1
GREEN_679.jpg,green,1
GREEN_680.jpg,green,1
GREEN_681.jpg,green,1
GREEN_682.jpg,green,1
GREEN_683.jpg,green,1
GREEN_684.jpg,green,1
GREEN_685.jpg,green,1
GREEN_686.jpg,green,1
GREEN_687.jpg,green,1
GREEN_688.jpg,green,1
GREEN_689.jpg,green,1
GREEN_690.jpg,green,1
GREEN_691.jpg,green,1
GREEN_692.jpg,green,1
GREEN_693.jpg,green,1
GREEN_694.jpg,green,1
GREEN_695.jpg,green,1
GREEN_696.jpg,green,1
GREEN_697.jpg,green,1
GREEN_698.jpg,green,1
GREEN_699.jpg,green,1
GREEN_700.jpg,green,1
GREEN_701.jpg,green,1
GREEN_702.jpg,green,1
GREEN_703.jpg,green,1
GREEN_704.jpg,green,1
GREEN_705.jpg,green,1
GREEN_706.jpg,green,1
GREEN_707.jpg,green,1
GREEN_708.jpg,green,1
GREEN_709.jpg,green,1
GREEN_710.jpg,green,1
GREEN_711.jpg,green,1
GREEN_712.jpg,green,1
GREEN_713.jpg,green,1
GREEN_714.jpg,green,1
GREEN_715.jpg,green,1
GREEN_716.jpg,green,1
GREEN_717.jpg,green,1
GREEN_718.jpg,green,1
GREEN_719.jpg,green,1
GREEN_720.jpg,green,1
GREEN_721.jpg,green,1
GREEN_722.jpg,green,1
GREEN_723.jpg,green,1
GREEN_724.jpg,green,1
GREEN_725.jpg,green,1
GREEN_726.jpg,green,1
GREEN_727.jpg,green,1
GREEN_728.jpg,green,1
GREEN_729.jpg,green,1
GREEN_730.jpg,green,1
GREEN_731.jpg,green,1
GREEN_732.jpg,green,1
GREEN_733.jpg,green,1
GREEN_734.jpg,green,1
GREEN_735.jpg,green,1
GREEN_736.jpg,green,1
GREEN_737.jpg,green,1
GREEN_738.jpg,green,1
GREEN_739.jpg,green,1
GREEN_740.jpg,green,1
GREEN_741.jpg,green,1
GREEN_742.jpg,green,1
GREEN_743.jpg,green,1
GREEN_744.jpg,green,1
GREEN_745.jpg,green,1
GREEN_746.jpg,green,1
GREEN_747.jpg,green,1
GREEN_748.jpg,green,1
GREEN_749.jpg,green,1
GREEN_750.jpg,green,1
GREEN_751.jpg,green,1
GREEN_752.jpg,green,1
GREEN_753.jpg,green,1
GREEN_754.jpg,green,1
GREEN_755.jpg,green,1
GREEN_756.jpg,green,1
GREEN_757.jpg,green,1
GREEN_758.jpg,green,1
GREEN_759.jpg,green,1
GREEN_760.jpg,green,1
GREEN_761.jpg,green,1
GREEN_762.jpg,green,1
GREEN_763.jpg,green,1
GREEN_764.jpg,green,1
GREEN_765.jpg,green,1
GREEN_766.jpg,green,1
GREEN_767.jpg,green,1
GREEN_768.jpg,green,1
GREEN_769.jpg,green,1
GREEN_770.jpg,green,1
GREEN_771.jpg,green,1
GREEN_772.jpg,green,1
GREEN_773.jpg,green,1
GREEN_774.jpg,green,1
GREEN_775.jpg,green,1
GREEN_776.jpg,green,1
GREEN_777.jpg,green,1
GREEN_778.jpg,green,1
GREEN_779.jpg,green,1
GREEN_780.jpg,green,1
GREEN_781.jpg,green,1
GREEN_782.jpg,green,1
GREEN_783.jpg,green,1
GREEN_784.jpg,green,1
GREEN_785.jpg,green,1
GREEN_786.jpg,green,1
GREEN_787.jpg,green,1
GREEN_788.jpg,green,1
GREEN_789.jpg,green,1
GREEN_790.jpg,green,1
GREEN_791.jpg,green,1
GREEN_792.jpg,green,1
GREEN_793.jpg,green,1
GREEN_794.jpg,green,1
GREEN_795.jpg,green,1
GREEN_796.jpg,green,1
GREEN_797.jpg,green,1
GREEN_798.jpg,green,1
GREEN_799.jpg,green,1
GREEN_800.jpg,green,1
GREEN_801.jpg,green,1
GREEN_802.jpg,green,1
GREEN_803.jpg,green,1
GREEN_804.jpg,green,1
GREEN_805.jpg,green,1
GREEN_806.jpg,green,1
GREEN_807.jpg,green,1
GREEN_808.jpg,green,1
GREEN_809.jpg,green,1
GREEN_810.jpg,green,1
GREEN_811.jpg,green,1
GREEN_812.jpg,green,1
GREEN_813.jpg,green,1
GREEN_814.jpg,green,1
GREEN_815.jpg,green,1
GREEN_816.jpg,green,1
GREEN_817.jpg,green,1
GREEN_818.jpg,green,1
GREEN_819.jpg,green,1
GREEN_820.jpg,green,1
GREEN_821.jpg,green,1
GREEN_822.jpg,green,1
GREEN_823.jpg,green,1
GREEN_824.jpg,green,1
GREEN_825.jpg,green,1
GREEN_826.jpg,green,1
GREEN_827.jpg,green,1
GREEN_828.jpg,green,1
GREEN_829.jpg,green,1
GREEN_830.jpg,green,1
GREEN_831.jpg,green,1
GREEN_832.jpg,green,1
GREEN_833.jpg,green,1
GREEN_834.jpg,green,1
GREEN_835.jpg,green,1
GREEN_836.jpg,green,1
GREEN_837.jpg,green,1
GREEN_838.jpg,green,1
GREEN_839.jpg,green,1
GREEN_840.jpg,green,1
GREEN_841.jpg,green,1
GREEN_842.jpg,green,1
GREEN_843.jpg,green,1
GREEN_844.jpg,green,1
GREEN_845.jpg,green,1
GREEN_846.jpg,green,1
GREEN_847.jpg,green,1
GREEN_848.jpg,green,1
GREEN_849.jpg,green,1
GREEN_850.jpg,green,1
GREEN_851.jpg,green,1
GREEN_852.jpg,green,1
GREEN_853.jpg,green,1
GREEN_854.jpg,green,1
GREEN_855.jpg,green,1
GREEN_856.jpg,green,1
GREEN_857.jpg,green,1
GREEN_858.jpg,green,1
GREEN_859.jpg,green,1
GREEN_860.jpg,green,1
GREEN_861.jpg,green,1
GREEN_862.jpg,green,1
GREEN_863.jpg,green,1
GREEN_864.jpg,green,1
GREEN_865.jpg,green,1
GREEN_866.jpg,green,1
GREEN_867.jpg,green,1
GREEN_868.jpg,green,1
GREEN_869.jpg,green,1
GREEN_870.jpg,green,1
GREEN_871.jpg,green,1
GREEN_872.jpg,green,1
GREEN_873.jpg,green,1
GREEN_874.jpg,green,1
GREEN_875.jpg,green,1
GREEN_876.jpg,green,1
GREEN_877.jpg,green,1
GREEN_878.jpg,green,1
GREEN_879.jpg,green,1
GREEN_880.jpg,green,1
GREEN_881.jpg,green,1
GREEN_882.jpg,green,1
GREEN_883.jpg,green,1
GREEN_884.jpg,green,1
GREEN_885.jpg,green,1
GREEN_886.jpg,green,1
GREEN_887.jpg,green,1
GREEN_888.jpg,green,1
GREEN_889.jpg,green,1
GREEN_890.jpg,green,1
GREEN_891.jpg,green,1
GREEN_892.jpg,green,1
GREEN_893.jpg,green,1
GREEN_894.jpg,green,1
GREEN_895.jpg,green,1
GREEN_896.jpg,green,1
GREEN_897.jpg,green,1
GREEN_898.jpg,green,1
GREEN_899.jpg,green,1
GREEN_900.jpg,green,1
GREEN_901.jpg,green,1
GREEN_902.jpg,green,1
GREEN_903.jpg,green,1
GREEN_904.jpg,green,1
GREEN_905.jpg,green,1
GREEN_906.jpg,green,1
GREEN_907.jpg,green,1
GREEN_908.jpg,green,1
GREEN_909.jpg,green,1
GREEN_910.jpg,green,1
GREEN_911.jpg,green,1
GREEN_912.jpg,green,1
GREEN_913.jpg,green,1
GREEN_914.jpg,green,1
GREEN_915.jpg,green,1
GREEN_916.jpg,green,1
GREEN_917.jpg,green,1
GREEN_918.jpg,green,1
GREEN_919.jpg,green,1
GREEN_920.jpg,green,1
GREEN_921.jpg,green,1
GREEN_922.jpg,green,1
GREEN_923.jpg,green,1
GREEN_924.jpg,green,1
GREEN_925.jpg,green,1
GREEN_926.jpg,green,1
GREEN_927.jpg,green,1
GREEN_928.jpg,green,1
GREEN_929.jpg,green,1
GREEN_930.jpg,green,1
GREEN_931.jpg,green,1
GREEN_932.jpg,green,1
GREEN_933.jpg,green,1
GREEN_934.jpg,green,1
GREEN_935.jpg,green,1
GREEN_936.jpg,green,1
GREEN_937.jpg,green,1
GREEN_938.jpg,green,1
GREEN_939.jpg,green,1
GREEN_940.jpg,green,1
GREEN_941.jpg,green,1
GREEN_942.jpg,green,1
GREEN_943.jpg,green,1
GREEN_944.jpg,green,1
GREEN_945.jpg,green,1
GREEN_946.jpg,green,1
GREEN_947.jpg,green,1
GREEN_948.jpg,green,1
GREEN_949.jpg,green,1
GREEN_950.jpg,green,1
GREEN_951.jpg,green,1
GREEN_952.jpg,green,1
GREEN_953.jpg,green,1
GREEN_954.jpg,green,1
GREEN_955.jpg,green,1
GREEN_956.jpg,green,1
GREEN_957.jpg,green,1
GREEN_958.jpg,green,1
GREEN_959.jpg,green,1
GREEN_960.jpg,green,1
GREEN_961.jpg,green,1
GREEN_962.jpg,green,1
GREEN_963.jpg,green,1
GREEN_964.jpg,green,1
GREEN_965.jpg,green,1
GREEN_966.jpg,green,1
GREEN_967.jpg,green,1
GREEN_968.jpg,green,1
GREEN_969.jpg,green,1
GREEN_970.jpg,green,1
GREEN_971.jpg,green,1
GREEN_972.jpg,green,1
GREEN_973.jpg,green,1
GREEN_974.jpg,green,1
GREEN_975.jpg,green,1
GREEN_976.jpg,green,1
GREEN_977.jpg,green,1
GREEN_978.jpg,green,1
GREEN_979.jpg,green,1
GREEN_980.jpg,green,1
GREEN_981.jpg,green,1
GREEN_982.jpg,green,1
GREEN_983.jpg,green,1
GREEN_984.jpg,green,1
GREEN_985.jpg,green,1
GREEN_986.jpg,green,1
GREEN_987.jpg,green,1
GREEN_988.jpg,green,1
GREEN_989.jpg,green,1
GREEN_990.jpg,green,1
GREEN_991.jpg,green,1
GREEN_992.jpg,green,1
GREEN_993.jpg,green,1
GREEN_994.jpg,green,1
GREEN_995.jpg,green,1
GREEN_996.jpg,green,1
GREEN_997.jpg,green,1
GREEN_998.jpg,green,1
GREEN_999.jpg,green,1
GREEN_1000.jpg,green,1
GREEN_1001.jpg,green,1
GREEN_1002.jpg,green,1
GREEN_1003.jpg,green,1
GREEN_1004.jpg,green,1
GREEN_1005.jpg,green,1
GREEN_1006.jpg,green,1
GREEN_1007.jpg,green,1
GREEN_1008.jpg,green,1
GREEN_1009.jpg,green,1
GREEN_1010.jpg,green,1
GREEN_1011.jpg,green,1
GREEN_1012.jpg,green,1
GREEN_1013.jpg,green,1
GREEN_1014.jpg,green,1
GREEN_1015.jpg,green,1
GREEN_1016.jpg,green,1
GREEN_1017.jpg,green,1
GREEN_1018.jpg,green,1
GREEN_1019.jpg,green,1
GREEN_1020.jpg,green,1
GREEN_1021.jpg,green,1
GREEN_1022.jpg,green,1
GREEN_1023.jpg,green,1
RED_1.jpg,red,0
RED_2.jpg,red,0
RED_3.jpg,red,0
RED_4.jpg,red,0
RED_5.jpg,red,0
RED_6.jpg,red,0
RED_7.jpg,red,0
RED_8.jpg,red,0
RED_9.jpg,red,0
RED_10.jpg,red,0
RED_11.jpg,red,0
RED_12.jpg,red,0
RED_13.jpg,red,0
RED_14.jpg,red,0
RED_15.jpg,red,0
RED_16.jpg,red,0
RED_17.jpg,red,0
RED_18.jpg,red,0
RED_19.jpg,red,0
RED_20.jpg,red,0
RED_21.jpg,red,0
RED_22.jpg,red,0
RED_23.jpg,red,0
RED_24.jpg,red,0
RED_25.jpg,red,0
RED_26.jpg,red,0
RED_27.jpg,red,0
RED_28.jpg,red,0
RED_29.jpg,red,0
RED_30.jpg,red,0
RED_31.jpg,red,0
RED_32.jpg,red,0
RED_33.jpg,red,0
RED_34.jpg,red,0
RED_35.jpg,red,0
RED_36.jpg,red,0
RED_37.jpg,red,0
RED_38.jpg,red,0
RED_39.jpg,red,0
RED_40.jpg,red,0
RED_41.jpg,red,0
RED_42.jpg,red,0
RED_43.jpg,red,0
RED_44.jpg,red,0
RED_45.jpg,red,0
RED_46.jpg,red,0
RED_47.jpg,red,0
RED_48.jpg,red,0
RED_49.jpg,red,0
RED_50.jpg,red,0
RED_51.jpg,red,0
RED_52.jpg,red,0
RED_53.jpg,red,0
RED_54.jpg,red,0
RED_55.jpg,red,0
RED_56.jpg,red,0
RED_57.jpg,red,0
RED_58.jpg,red,0
RED_59.jpg,red,0
RED_60.jpg,red,0
RED_61.jpg,red,0
RED_62.jpg,red,0
RED_63.jpg,red,0
RED_64.jpg,red,0
RED_65.jpg,red,0
RED_66.jpg,red,0
RED_67.jpg,red,0
RED_68.jpg,red,0
RED_69.jpg,red,0
RED_70.jpg,red,0
RED_71.jpg,red,0
RED_72.jpg,red,0
RED_73.jpg,red,0
RED_74.jpg,red,0
RED_75.jpg,red,0
RED_76.jpg,red,0
RED_77.jpg,red,0
RED_78.jpg,red,0
RED_79.jpg,red,0
RED_80.jpg,red,0
RED_81.jpg,red,0
RED_82.jpg,red,0
RED_83.jpg,red,0
RED_84.jpg,red,0
RED_85.jpg,red,0
RED_86.jpg,red,0
RED_87.jpg,red,0
RED_88.jpg,red,0
RED_89.jpg,red,0
RED_90.jpg,red,0
RED_91.jpg,red,0
RED_92.jpg,red,0
RED_93.jpg,red,0
RED_94.jpg,red,0
RED_95.jpg,red,0
RED_96.jpg,red,0
RED_97.jpg,red,0
RED_98.jpg,red,0
RED_99.jpg,red,0
RED_100.jpg,red,0
RED_101.jpg,red,0
RED_102.jpg,red,0
RED_103.jpg,red,0
RED_104.jpg,red,0
RED_105.jpg,red,0
RED_106.jpg,red,0
RED_107.jpg,red,0
RED_108.jpg,red,0
RED_109.jpg,red,0
RED_110.jpg,red,0
RED_111.jpg,red,0
RED_112.jpg,red,0
RED_113.jpg,red,0
RED_114.jpg,red,0
RED_115.jpg,red,0
RED_116.jpg,red,0
RED_117.jpg,red,0
RED_118.jpg,red,0
RED_119.jpg,red,0
RED_120.jpg,red,0
RED_121.jpg,red,0
RED_122.jpg,red,0
RED_123.jpg,red,0
RED_124.jpg,red,0
RED_125.jpg,red,0
RED_126.jpg,red,0
RED_127.jpg,red,0
RED_128.jpg,red,0
RED_129.jpg,red,0
RED_130.jpg,red,0
RED_131.jpg,red,0
RED_132.jpg,red,0
RED_133.jpg,red,0
RED_134.jpg,red,0
RED_135.jpg,red,0
RED_136.jpg,red,0
RED_137.jpg,red,0
RED_138.jpg,red,0
RED_139.jpg,red,0
RED_140.jpg,red,0
RED_141.jpg,red,0
RED_142.jpg,red,0
RED_143.jpg,red,0
RED_144.jpg,red,0
RED_145.jpg,red,0
RED_146.jpg,red,0
RED_147.jpg,red,0
RED_148.jpg,red,0
RED_149.jpg,red,0
RED_150.jpg,red,0
RED_151.jpg,red,0
RED_152.jpg,red,0
RED_153.jpg,red,0
RED_154.jpg,red,0
RED_155.jpg,red,0
RED_156.jpg,red,0
RED_157.jpg,red,0
RED_158.jpg,red,0
RED_159.jpg,red,0
RED_160.jpg,red,0
RED_161.jpg,red,0
RED_162.jpg,red,0
RED_163.jpg,red,0
RED_164.jpg,red,0
RED_165.jpg,red,0
RED_166.jpg,red,0
RED_167.jpg,red,0
RED_168.jpg,red,0
RED_169.jpg,red,0
RED_170.jpg,red,0
RED_171.jpg,red,0
RED_172.jpg,red,0
RED_173.jpg,red,0
RED_174.jpg,red,0
RED_175.jpg,red,0
RED_176.jpg,red,0
RED_177.jpg,red,0
RED_178.jpg,red,0
RED_179.jpg,red,0
RED_180.jpg,red,0
RED_181.jpg,red,0
RED_182.jpg,red,0
RED_183.jpg,red,0
RED_184.jpg,red,0
RED_185.jpg,red,0
RED_186.jpg,red,0
RED_187.jpg,red,0
RED_188.jpg,red,0
RED_189.jpg,red,0
RED_190.jpg,red,0
RED_191.jpg,red,0
RED_192.jpg,red,0
RED_193.jpg,red,0
RED_194.jpg,red,0
RED_195.jpg,red,0
RED_196.jpg,red,0
RED_197.jpg,red,0
RED_198.jpg,red,0
RED_199.jpg,red,0
RED_200.jpg,red,0
RED_201.jpg,red,0
RED_202.jpg,red,0
RED_203.jpg,red,0
RED_204.jpg,red,0
RED_205.jpg,red,0
RED_206.jpg,red,0
RED_207.jpg,red,0
RED_208.jpg,red,0
RED_209.jpg,red,0
RED_210.jpg,red,0
RED_211.jpg,red,0
RED_212.jpg,red,0
RED_213.jpg,red,0
RED_214.jpg,red,0
RED_215.jpg,red,0
RED_216.jpg,red,0
RED_217.jpg,red,0
RED_218.jpg,red,0
RED_219.jpg,red,0
RED_220.jpg,red,0
RED_221.jpg,red,0
RED_222.jpg,red,0
RED_223.jpg,red,0
RED_224.jpg,red,0
RED_225.jpg,red,0
RED_226.jpg,red,0
RED_227.jpg,red,0
RED_228.jpg,red,0
RED_229.jpg,red,0
RED_230.jpg,red,0
RED_231.jpg,red,0
RED_232.jpg,red,0
RED_233.jpg,red,0
RED_234.jpg,red,0
RED_235.jpg,red,0
RED_236.jpg,red,0
RED_237.jpg,red,0
RED_238.jpg,red,0
RED_239.jpg,red,0
RED_240.jpg,red,0
RED_241.jpg,red,0
RED_242.jpg,red,0
RED_243.jpg,red,0
RED_244.jpg,red,0
RED_245.jpg,red,0
RED_246.jpg,red,0
RED_247.jpg,red,0
RED_248.jpg,red,0
RED_249.jpg,red,0
RED_250.jpg,red,0
RED_251.jpg,red,0
RED_252.jpg,red,0
RED_253.jpg,red,0
RED_254.jpg,red,0
RED_255.jpg,red,0
RED_256.jpg,red,0
RED_257.jpg,red,0
RED_258.jpg,red,0
RED_259.jpg,red,0
RED_260.jpg,red,0
RED_261.jpg,red,0
RED_262.jpg,red,0
RED_263.jpg,red,0
RED_264.jpg,red,0
RED_265.jpg,red,0
RED_266.jpg,red,0
RED_267.jpg,red,0
RED_268.jpg,red,0
RED_269.jpg,red,0
RED_270.jpg,red,0
RED_271.jpg,red,0
RED_272.jpg,red,0
RED_273.jpg,red,0
RED_274.jpg,red,0
RED_275.jpg,red,0
RED_276.jpg,red,0
RED_277.jpg,red,0
RED_278.jpg,red,0
RED_279.jpg,red,0
RED_280.jpg,red,0
RED_281.jpg,red,0
RED_282.jpg,red,0
RED_283.jpg,red,0
RED_284.jpg,red,0
RED_285.jpg,red,0
RED_286.jpg,red,0
RED_287.jpg,red,0
RED_288.jpg,red,0
RED_289.jpg,red,0
RED_290.jpg,red,0
RED_291.jpg,red,0
RED_292.jpg,red,0
RED_293.jpg,red,0
RED_294.jpg,red,0
RED_295.jpg,red,0
RED_296.jpg,red,0
RED_297.jpg,red,0
RED_298.jpg,red,0
RED_299.jpg,red,0
RED_300.jpg,red,0
RED_301.jpg,red,0
RED_302.jpg,red,0
RED_303.jpg,red,0
RED_304.jpg,red,0
RED_305.jpg,red,0
RED_306.jpg,red,0
RED_307.jpg,red,0
RED_308.jpg,red,0
RED_309.jpg,red,0
RED_310.jpg,red,0
RED_311.jpg,red,0
RED_312.jpg,red,0
RED_313.jpg,red,0
RED_314.jpg,red,0
RED_315.jpg,red,0
RED_316.jpg,red,0
RED_317.jpg,red,0
RED_318.jpg,red,0
RED_319.jpg,red,0
RED_320.jpg,red,0
RED_321.jpg,red,0
RED_322.jpg,red,0
RED_323.jpg,red,0
RED_324.jpg,red,0
RED_325.jpg,red,0
RED_326.jpg,red,0
RED_327.jpg,red,0
RED_328.jpg,red,0
RED_329.jpg,red,0
RED_330.jpg,red,0
RED_331.jpg,red,0
RED_332.jpg,red,0
RED_333.jpg,red,0
RED_334.jpg,red,0
RED_335.jpg,red,0
RED_336.jpg,red,0
RED_337.jpg,red,0
RED_338.jpg,red,0
RED_339.jpg,red,0
RED_340.jpg,red,0
RED_341.jpg,red,0
RED_342.jpg,red,0
RED_343.jpg,red,0
RED_344.jpg,red,0
RED_345.jpg,red,0
RED_346.jpg,red,0
RED_347.jpg,red,0
RED_348.jpg,red,0
RED_349.jpg,red,0
RED_350.jpg,red,0
RED_351.jpg,red,0
RED_352.jpg,red,0
RED_353.jpg,red,0
RED_354.jpg,red,0
RED_355.jpg,red,0
RED_356.jpg,red,0
RED_357.jpg,red,0
RED_358.jpg,red,0
RED_359.jpg,red,0
RED_360.jpg,red,0
RED_361.jpg,red,0
RED_362.jpg,red,0
RED_363.jpg,red,0
RED_364.jpg,red,0
RED_365.jpg,red,0
RED_366.jpg,red,0
RED_367.jpg,red,0
RED_368.jpg,red,0
RED_369.jpg,red,0
RED_370.jpg,red,0
RED_371.jpg,red,0
RED_372.jpg,red,0
RED_373.jpg,red,0
RED_374.jpg,red,0
RED_375.jpg,red,0
RED_376.jpg,red,0
RED_377.jpg,red,0
RED_378.jpg,red,0
RED_379.jpg,red,0
RED_380.jpg,red,0
RED_381.jpg,red,0
RED_382.jpg,red,0
RED_383.jpg,red,0
RED_384.jpg,red,0
RED_385.jpg,red,0
RED_386.jpg,red,0
RED_387.jpg,red,0
RED_388.jpg,red,0
RED_389.jpg,red,0
RED_390.jpg,red,0
RED_391.jpg,red,0
RED_392.jpg,red,0
RED_393.jpg,red,0
RED_394.jpg,red,0
RED_395.jpg,red,0
RED_396.jpg,red,0
RED_397.jpg,red,0
RED_398.jpg,red,0
RED_399.jpg,red,0
RED_400.jpg,red,0
RED_401.jpg,red,0
RED_402.jpg,red,0
RED_403.jpg,red,0
RED_404.jpg,red,0
RED_405.jpg,red,0
RED_406.jpg,red,0
RED_407.jpg,red,0
RED_408.jpg,red,0
RED_409.jpg,red,0
RED_410.jpg,red,0
RED_411.jpg,red,0
RED_412.jpg,red,0
RED_413.jpg,red,0
RED_414.jpg,red,0
RED_415.jpg,red,0
RED_416.jpg,red,0
RED_417.jpg,red,0
RED_418.jpg,red,0
RED_419.jpg,red,0
RED_420.jpg,red,0
RED_421.jpg,red,0
RED_422.jpg,red,0
RED_423.jpg,red,0
RED_424.jpg,red,0
RED_425.jpg,red,0
RED_426.jpg,red,0
RED_427.jpg,red,0
RED_428.jpg,red,0
RED_429.jpg,red,0
RED_430.jpg,red,0
RED_431.jpg,red,0
RED_432.jpg,red,0
RED_433.jpg,red,0
RED_434.jpg,red,0
RED_435.jpg,red,0
RED_436.jpg,red,0
RED_437.jpg,red,0
RED_438.jpg,red,0
RED_439.jpg,red,0
RED_440.jpg,red,0
RED_441.jpg,red,0
RED_442.jpg,red,0
RED_443.jpg,red,0
RED_444.jpg,red,0
RED_445.jpg,red,0
RED_446.jpg,red,0
RED_447.jpg,red,0
RED_448.jpg,red,0
RED_449.jpg,red,0
RED_450.jpg,red,0
RED_451.jpg,red,0
RED_452.jpg,red,0
RED_453.jpg,red,0
RED_454.jpg,red,0
RED_455.jpg,red,0
RED_456.jpg,red,0
RED_457.jpg,red,0
RED_458.jpg,red,0
RED_459.jpg,red,0
RED_460.jpg,red,0
RED_461.jpg,red,0
RED_462.jpg,red,0
RED_463.jpg,red,0
RED_464.jpg,red,0
RED_465.jpg,red,0
RED_466.jpg,red,0
RED_467.jpg,red,0
RED_468.jpg,red,0
RED_469.jpg,red,0
RED_470.jpg,red,0
RED_471.jpg,red,0
RED_472.jpg,red,0
RED_473.jpg,red,0
RED_474.jpg,red,0
RED_475.jpg,red,0
RED_476.jpg,red,0
RED_477.jpg,red,0
RED_478.jpg,red,0
RED_479.jpg,red,0
RED_480.jpg,red,0
RED_481.jpg,red,0
RED_482.jpg,red,0
RED_483.jpg,red,0
RED_484.jpg,red,0
RED_485.jpg,red,0
RED_486.jpg,red,0
RED_487.jpg,red,0
RED_488.jpg,red,0
RED_489.jpg,red,0
RED_490.jpg,red,0
RED_491.jpg,red,0
RED_492.jpg,red,0
RED_493.jpg,red,0
RED_494.jpg,red,0
RED_495.jpg,red,0
RED_496.jpg,red,0
RED_497.jpg,red,0
RED_498.jpg,red,0
RED_499.jpg,red,0
RED_500.jpg,red,0
RED_501.jpg,red,0
RED_502.jpg,red,0
RED_503.jpg,red,0
RED_504.jpg,red,0
RED_505.jpg,red,0
RED_506.jpg,red,0
RED_507.jpg,red,0
RED_508.jpg,red,0
RED_509.jpg,red,0
RED_510.jpg,red,0
RED_511.jpg,red,0
RED_512.jpg,red,0
RED_513.jpg,red,0
RED_514.jpg,red,0
RED_515.jpg,red,0
RED_516.jpg,red,0
RED_517.jpg,red,0
RED_518.jpg,red,0
RED_519.jpg,red,0
RED_520.jpg,red,0
RED_521.jpg,red,0
RED_522.jpg,red,0
RED_523.jpg,red,0
RED_524.jpg,red,0
RED_525.jpg,red,0
RED_526.jpg,red,0
RED_527.jpg,red,0
RED_528.jpg,red,0
RED_529.jpg,red,0
RED_530.jpg,red,0
RED_531.jpg,red,0
RED_532.jpg,red,0
RED_533.jpg,red,0
RED_534.jpg,red,0
RED_535.jpg,red,0
RED_536.jpg,red,0
RED_537.jpg,red,0
RED_538.jpg,red,0
RED_539.jpg,red,0
RED_540.jpg,red,0
RED_541.jpg,red,0
RED_542.jpg,red,0
RED_543.jpg,red,0
RED_544.jpg,red,0
RED_545.jpg,red,0
RED_546.jpg,red,0
RED_547.jpg,red,0
RED_548.jpg,red,0
RED_549.jpg,red,0
RED_550.jpg,red,0
RED_551.jpg,red,0
RED_552.jpg,red,0
RED_553.jpg,red,0
RED_554.jpg,red,0
RED_555.jpg,red,0
RED_556.jpg,red,0
RED_557.jpg,red,0
RED_558.jpg,red,0
RED_559.jpg,red,0
RED_560.jpg,red,0
RED_561.jpg,red,0
RED_562.jpg,red,0
RED_563.jpg,red,0
RED_564.jpg,red,0
RED_565.jpg,red,0
RED_566.jpg,red,0
RED_567.jpg,red,0
RED_568.jpg,red,0
RED_569.jpg,red,0
RED_570.jpg,red,0
RED_571.jpg,red,0
RED_572.jpg,red,0
RED_573.jpg,red,0
RED_574.jpg,red,0
RED_575.jpg,red,0
RED_576.jpg,red,0
RED_577.jpg,red,0
RED_578.jpg,red,0
RED_579.jpg,red,0
RED_580.jpg,red,0
RED_581.jpg,red,0
RED_582.jpg,red,0
RED_583.jpg,red,0
RED_584.jpg,red,0
RED_585.jpg,red,0
RED_586.jpg,red,0
RED_587.jpg,red,0
RED_588.jpg,red,0
RED_589.jpg,red,0
RED_590.jpg,red,0
RED_591.jpg,red,0
RED_592.jpg,red,0
RED_593.jpg,red,0
RED_594.jpg,red,0
RED_595.jpg,red,0
RED_596.jpg,red,0
RED_597.jpg,red,0
RED_598.jpg,red,0
RED_599.jpg,red,0
RED_600.jpg,red,0
RED_601.jpg,red,0
RED_602.jpg,red,0
RED_603.jpg,red,0
RED_604.jpg,red,0
RED_605.jpg,red,0
RED_606.jpg,red,0
RED_607.jpg,red,0
RED_608.jpg,red,0
RED_609.jpg,red,0
RED_610.jpg,red,0
RED_611.jpg,red,0
RED_612.jpg,red,0
RED_613.jpg,red,0
RED_614.jpg,red,0
RED_615.jpg,red,0
RED_616.jpg,red,0
RED_617.jpg,red,0
RED_618.jpg,red,0
RED_619.jpg,red,0
RED_620.jpg,red,0
RED_621.jpg,red,0
RED_622.jpg,red,0
RED_623.jpg,red,0
RED_624.jpg,red,0
RED_625.jpg,red,0
RED_626.jpg,red,0
RED_627.jpg,red,0
RED_628.jpg,red,0
RED_629.jpg,red,0
RED_630.jpg,red,0
RED_631.jpg,red,0
RED_632.jpg,red,0
RED_633.jpg,red,0
RED_634.jpg,red,0
RED_635.jpg,red,0
RED_636.jpg,red,0
RED_637.jpg,red,0
RED_638.jpg,red,0
RED_639.jpg,red,0
RED_640.jpg,red,0
RED_641.jpg,red,0
RED_642.jpg,red,0
RED_643.jpg,red,0
RED_644.jpg,red,0
RED_645.jpg,red,0
RED_646.jpg,red,0
RED_647.jpg,red,0
RED_648.jpg,red,0
RED_649.jpg,red,0
RED_650.jpg,red,0
RED_651.jpg,red,0
RED_652.jpg,red,0
RED_653.jpg,red,0
RED_654.jpg,red,0
RED_655.jpg,red,0
RED_656.jpg,red,0
RED_657.jpg,red,0
RED_658.jpg,red,0
RED_659.jpg,red,0
RED_660.jpg,red,0
RED_661.jpg,red,0
RED_662.jpg,red,0
RED_663.jpg,red,0
RED_664.jpg,red,0
RED_665.jpg,red,0
RED_666.jpg,red,0
RED_667.jpg,red,0
RED_668.jpg,red,0
RED_669.jpg,red,0
RED_670.jpg,red,0
RED_671.jpg,red,0
RED_672.jpg,red,0
RED_673.jpg,red,0
RED_674.jpg,red,0
RED_675.jpg,red,0
RED_676.jpg,red,0
RED_677.jpg,red,0
RED_678.jpg,red,0
RED_679.jpg,red,0
RED_680.jpg,red,0
RED_681.jpg,red,0
RED_682.jpg,red,0
RED_683.jpg,red,0
RED_684.jpg,red,0
RED_685.jpg,red,0
RED_686.jpg,red,0
RED_687.jpg,red,0
RED_688.jpg,red,0
RED_689.jpg,red,0
RED_690.jpg,red,0
RED_691.jpg,red,0
RED_692.jpg,red,0
RED_693.jpg,red,0
RED_694.jpg,red,0
RED_695.jpg,red,0
RED_696.jpg,red,0
RED_697.jpg,red,0
RED_698.jpg,red,0
RED_699.jpg,red,0
RED_700.jpg,red,0
RED_701.jpg,red,0
RED_702.jpg,red,0
RED_703.jpg,red,0
RED_704.jpg,red,0
RED_705.jpg,red,0
RED_706.jpg,red,0
RED_707.jpg,red,0
RED_708.jpg,red,0
RED_709.jpg,red,0
RED_710.jpg,red,0
RED_711.jpg,red,0
RED_712.jpg,red,0
RED_713.jpg,red,0
RED_714.jpg,red,0
RED_715.jpg,red,0
RED_716.jpg,red,0
RED_717.jpg,red,0
RED_718.jpg,red,0
RED_719.jpg,red,0
RED_720.jpg,red,0
RED_721.jpg,red,0
RED_722.jpg,red,0
RED_723.jpg,red,0
RED_724.jpg,red,0
RED_725.jpg,red,0
RED_726.jpg,red,0
RED_727.jpg,red,0
RED_728.jpg,red,0
RED_729.jpg,red,0
RED_730.jpg,red,0
RED_731.jpg,red,0
RED_732.jpg,red,0
RED_733.jpg,red,0
RED_734.jpg,red,0
RED_735.jpg,red,0
RED_736.jpg,red,0
RED_737.jpg,red,0
RED_738.jpg,red,0
RED_739.jpg,red,0
RED_740.jpg,red,0
RED_741.jpg,red,0
RED_742.jpg,red,0
RED_743.jpg,red,0
RED_744.jpg,red,0
RED_745.jpg,red,0
RED_746.jpg,red,0
RED_747.jpg,red,0
RED_748.jpg,red,0
RED_749.jpg,red,0
RED_750.jpg,red,0
RED_751.jpg,red,0
RED_752.jpg,red,0
RED_753.jpg,red,0
RED_754.jpg,red,0
RED_755.jpg,red,0
RED_756.jpg,red,0
RED_757.jpg,red,0
RED_758.jpg,red,0
RED_759.jpg,red,0
RED_760.jpg,red,0
RED_761.jpg,red,0
RED_762.jpg,red,0
RED_763.jpg,red,0
RED_764.jpg,red,0
RED_765.jpg,red,0
RED_766.jpg,red,0
RED_767.jpg,red,0
RED_768.jpg,red,0
RED_769.jpg,red,0
RED_770.jpg,red,0
RED_771.jpg,red,0
RED_772.jpg,red,0
RED_773.jpg,red,0
RED_774.jpg,red,0
RED_775.jpg,red,0
RED_776.jpg,red,0
RED_777.jpg,red,0
RED_778.jpg,red,0
RED_779.jpg,red,0
RED_780.jpg,red,0
RED_781.jpg,red,0
RED_782.jpg,red,0
RED_783.jpg,red,0
RED_784.jpg,red,0
RED_785.jpg,red,0
RED_786.jpg,red,0
RED_787.jpg,red,0
RED_788.jpg,red,0
RED_789.jpg,red,0
RED_790.jpg,red,0
RED_791.jpg,red,0
RED_792.jpg,red,0
RED_793.jpg,red,0
RED_794.jpg,red,0
RED_795.jpg,red,0
RED_796.jpg,red,0
RED_797.jpg,red,0
RED_798.jpg,red,0
RED_799.jpg,red,0
RED_800.jpg,red,0
RED_801.jpg,red,0
RED_802.jpg,red,0
RED_803.jpg,red,0
RED_804.jpg,red,0
RED_805.jpg,red,0
RED_806.jpg,red,0
RED_807.jpg,red,0
RED_808.jpg,red,0
RED_809.jpg,red,0
RED_810.jpg,red,0
RED_811.jpg,red,0
RED_812.jpg,red,0
RED_813.jpg,red,0
RED_814.jpg,red,0
RED_815.jpg,red,0
RED_816.jpg,red,0
RED_817.jpg,red,0
RED_818.jpg,red,0
RED_819.jpg,red,0
RED_820.jpg,red,0
RED_821.jpg,red,0
RED_822.jpg,red,0
RED_823.jpg,red,0
RED_824.jpg,red,0
RED_825.jpg,red,0
RED_826.jpg,red,0
RED_827.jpg,red,0
RED_828.jpg,red,0
RED_829.jpg,red,0
RED_830.jpg,red,0
RED_831.jpg,red,0
RED_832.jpg,red,0
RED_833.jpg,red,0
RED_834.jpg,red,0
RED_835.jpg,red,0
RED_836.jpg,red,0
RED_837.jpg,red,0
RED_838.jpg,red,0
RED_839.jpg,red,0
RED_840.jpg,red,0
RED_841.jpg,red,0
RED_842.jpg,red,0
RED_843.jpg,red,0
RED_844.jpg,red,0
RED_845.jpg,red,0
RED_846.jpg,red,0
RED_847.jpg,red,0
RED_848.jpg,red,0
RED_849.jpg,red,0
RED_850.jpg,red,0
RED_851.jpg,red,0
RED_852.jpg,red,0
RED_853.jpg,red,0
RED_854.jpg,red,0
RED_855.jpg,red,0
RED_856.jpg,red,0
RED_857.jpg,red,0
RED_858.jpg,red,0
RED_859.jpg,red,0
RED_860.jpg,red,0
RED_861.jpg,red,0
RED_862.jpg,red,0
RED_863.jpg,red,0
RED_864.jpg,red,0
RED_865.jpg,red,0
RED_866.jpg,red,0
RED_867.jpg,red,0
RED_868.jpg,red,0
RED_869.jpg,red,0
RED_870.jpg,red,0
RED_871.jpg,red,0
RED_872.jpg,red,0
RED_873.jpg,red,0
RED_874.jpg,red,0
RED_875.jpg,red,0
RED_876.jpg,red,0
RED_877.jpg,red,0
RED_878.jpg,red,0
RED_879.jpg,red,0
RED_880.jpg,red,0
RED_881.jpg,red,0
RED_882.jpg,red,0
RED_883.jpg,red,0
RED_884.jpg,red,0
RED_885.jpg,red,0
RED_886.jpg,red,0
RED_887.jpg,red,0
RED_888.jpg,red,0
RED_889.jpg,red,0
RED_890.jpg,red,0
RED_891.jpg,red,0
RED_892.jpg,red,0
RED_893.jpg,red,0
RED_894.jpg,red,0
RED_895.jpg,red,0
RED_896.jpg,red,0
RED_897.jpg,red,0
RED_898.jpg,red,0
RED_899.jpg,red,0
RED_900.jpg,red,0
RED_901.jpg,red,0
RED_902.jpg,red,0
RED_903.jpg,red,0
RED_904.jpg,red,0
RED_905.jpg,red,0
RED_906.jpg,red,0
RED_907.jpg,red,0
RED_908.jpg,red,0
RED_909.jpg,red,0
RED_910.jpg,red,0
RED_911.jpg,red,0
RED_912.jpg,red,0
RED_913.jpg,red,0
RED_914.jpg,red,0
RED_915.jpg,red,0
RED_916.jpg,red,0
RED_917.jpg,red,0
RED_918.jpg,red,0
RED_919.jpg,red,0
RED_920.jpg,red,0
RED_921.jpg,red,0
RED_922.jpg,red,0
RED_923.jpg,red,0
RED_924.jpg,red,0
RED_925.jpg,red,0
RED_926.jpg,red,0
RED_927.jpg,red,0
RED_928.jpg,red,0
RED_929.jpg,red,0
RED_930.jpg,red,0
RED_931.jpg,red,0
RED_932.jpg,red,0
RED_933.jpg,red,0
RED_934.jpg,red,0
RED_935.jpg,red,0
RED_936.jpg,red,0
RED_937.jpg,red,0
RED_938.jpg,red,0
RED_939.jpg,red,0
RED_940.jpg,red,0
RED_941.jpg,red,0
RED_942.jpg,red,0
RED_943.jpg,red,0
RED_944.jpg,red,0
RED_945.jpg,red,0
RED_946.jpg,red,0
RED_947.jpg,red,0
RED_948.jpg,red,0
RED_949.jpg,red,0
RED_950.jpg,red,0
RED_951.jpg,red,0
RED_952.jpg,red,0
RED_953.jpg,red,0
RED_954.jpg,red,0
RED_955.jpg,red,0
RED_956.jpg,red,0
RED_957.jpg,red,0
RED_958.jpg,red,0
RED_959.jpg,red,0
RED_960.jpg,red,0
RED_961.jpg,red,0
RED_962.jpg,red,0
RED_963.jpg,red,0
RED_964.jpg,red,0
RED_965.jpg,red,0
RED_966.jpg,red,0
RED_967.jpg,red,0
RED_968.jpg,red,0
RED_969.jpg,red,0
RED_970.jpg,red,0
RED_971.jpg,red,0
RED_972.jpg,red,0
RED_973.jpg,red,0
RED_974.jpg,red,0
RED_975.jpg,red,0
RED_976.jpg,red,0
RED_977.jpg,red,0
RED_978.jpg,red,0
RED_979.jpg,red,0
RED_980.jpg,red,0
RED_981.jpg,red,0
RED_982.jpg,red,0
RED_983.jpg,red,0
RED_984.jpg,red,0
RED_985.jpg,red,0
RED_986.jpg,red,0
RED_987.jpg,red,0
RED_988.jpg,red,0
RED_989.jpg,red,0
RED_990.jpg,red,0
RED_991.jpg,red,0
RED_992.jpg,red,0
RED_993.jpg,red,0
RED_994.jpg,red,0
RED_995.jpg,red,0
RED_996.jpg,red,0
RED_997.jpg,red,0
RED_998.jpg,red,0
RED_999.jpg,red,0
RED_1000.jpg,red,0
RED_1001.jpg,red,0
RED_1002.jpg,red,0
RED_1003.jpg,red,0
RED_1004.jpg,red,0
RED_1005.jpg,red,0
RED_1006.jpg,red,0
RED_1007.jpg,red,0
RED_1008.jpg,red,0
RED_1009.jpg,red,0
RED_1010.jpg,red,0
RED_1011.jpg,red,0
RED_1012.jpg,red,0
RED_1013.jpg,red,0
RED_1014.jpg,red,0
RED_1015.jpg,red,0
RED_1016.jpg,red,0
RED_1017.jpg,red,0
RED_1018.jpg,red,0
RED_1019.jpg,red,0
RED_1020.jpg,red,0
RED_1021.jpg,red,0
RED_1022.jpg,red,0
RED_1023.jpg,red,0
RED_1024.jpg,red,0
RED_1025.jpg,red,0
RED_1026.jpg,red,0
RED_1027.jpg,red,0
RED_1028.jpg,red,0
RED_1029.jpg,red,0
RED_1030.jpg,red,0
RED_1031.jpg,red,0
RED_1032.jpg,red,0
RED_1033.jpg,red,0
RED_1034.jpg,red,0
RED_1035.jpg,red,0
RED_1036.jpg,red,0
RED_1037.jpg,red,0
RED_1038.jpg,red,0
RED_1039.jpg,red,0
RED_1040.jpg,red,0
RED_1041.jpg,red,0
RED_1042.jpg,red,0
RED_1043.jpg,red,0
RED_1044.jpg,red,0
RED_1045.jpg,red,0
RED_1046.jpg,red,0
RED_1047.jpg,red,0
RED_1048.jpg,red,0
RED_1049.jpg,red,0
RED_1050.jpg,red,0
RED_1051.jpg,red,0
RED_1052.jpg,red,0
RED_1053.jpg,red,0
RED_1054.jpg,red,0
RED_1055.jpg,red,0
RED_1056.jpg,red,0
RED_1057.jpg,red,0
RED_1058.jpg,red,0
RED_1059.jpg,red,0
RED_1060.jpg,red,0
RED_1061.jpg,red,0
RED_1062.jpg,red,0
RED_1063.jpg,red,0
RED_1064.jpg,red,0
RED_1065.jpg,red,0
RED_1066.jpg,red,0
RED_1067.jpg,red,0
RED_1068.jpg,red,0
RED_1069.jpg,red,0
RED_1070.jpg,red,0
RED_1071.jpg,red,0
RED_1072.jpg,red,0